{
  "camera_matrix": [
    [
      694.152677807564,
      0.0,
      660.0276664774352
    ],
    [
      0.0,
      693.8819666222752,
      378.6200753740419
    ],
    [
      0.0,
      0.0,
      1.0
    ]
  ],
  "dist_coeffs": [
    [
      -0.04418192576544048,
      0.3186706950122978,
      0.00110728265864598,
      0.006563776292840865,
      -1.0385794708896696
    ]
  ],
  "laser_plane": [
    0.2836514140313551,
    -0.9197254556472176,
    -0.27137973681270067,
    0.07366954654106146
  ],
  "camera_position": [
    0.0,
    0.08,
    0.10
  ],
  "timestamp": "2026-02-09T15:18:31.927525",
  "world_transform": [
    [
      -0.040255945175886154,
      -0.9954540729522705,
      0.08631699532270432,
      0.030855640769004822
    ],
    [
      0.9968876838684082,
      -0.034152861684560776,
      0.07105263322591782,
      0.056456826627254486
    ],
    [
      -0.06778165698051453,
      0.08890864253044128,
      0.9937307834625244,
      -0.18624073266983032
    ],
    [
      0.0,
      0.0,
      0.0,
      1.0
    ]
  ],
  "extrinsic_rvec": [
    -0.014396042221346775,
    -0.12423886222897607,
    -1.6062844684899769
  ],
  "extrinsic_tvec": [
    -0.06766269878571095,
    0.04920194724509378,
    0.17839838000686042
  ]
}